{
  "Cache Performance Baseline": 0.0004100799560546875,
  "AI Optimization Baseline": 0.010645389556884766,
  "Response Time Baseline": 1.1519813537597656
}